{
  "player": [
    77.04350280761719,
    7.5,
    -70.81165313720703
  ],
  "blocks": {
    "0,1,-10": null,
    "-24,2,-97": null,
    "-24,1,-97": null,
    "-23,1,-97": null,
    "34,5,10": null
  },
  "inventory": {
    "stone": 1,
    "dirt": 3,
    "sand": 1
  },
  "health": 1
}